profileId,tagId,token
44f64762-5fd4-4fcf-8262-58587e29b5f0,d8b37b72-30a5-4562-9111-7c3bebb8eb17,8c7c251554b4fb5f72c9b01e486a3e0d49d132a7
8dd45b86-b2eb-45ae-8e6a-280d6dc02675,d8b37b72-30a5-4562-9111-7c3bebb8eb17,8c7c251554b4fb5f72c9b01e486a3e0d49d132a7
c65f75fa-2bc2-4f21-9b64-368be0fa52c6,d8b37b72-30a5-4562-9111-7c3bebb8eb17,8c7c251554b4fb5f72c9b01e486a3e0d49d132a7
357aef7e-3ce6-4076-947c-bda942c04a2a,d8b37b72-30a5-4562-9111-7c3bebb8eb17,8c7c251554b4fb5f72c9b01e486a3e0d49d132a7
3aefc826-1411-4b1f-bb86-cb4e8a656491,d8b37b72-30a5-4562-9111-7c3bebb8eb17,8c7c251554b4fb5f72c9b01e486a3e0d49d132a7
937d6592-3d76-430a-ba16-835f17efbbf7,d8b37b72-30a5-4562-9111-7c3bebb8eb17,8c7c251554b4fb5f72c9b01e486a3e0d49d132a7
1a4aaf2e-2808-4d69-b913-2be096fe8f39,d8b37b72-30a5-4562-9111-7c3bebb8eb17,8c7c251554b4fb5f72c9b01e486a3e0d49d132a7
0e01e437-c75f-4a3a-bdb3-85c30d82079d,d8b37b72-30a5-4562-9111-7c3bebb8eb17,8c7c251554b4fb5f72c9b01e486a3e0d49d132a7
ad8dd0e5-d7c9-46ab-9a99-e0adb88686da,d8b37b72-30a5-4562-9111-7c3bebb8eb17,8c7c251554b4fb5f72c9b01e486a3e0d49d132a7
b9897f4c-86b3-4122-942f-e410bb4cd173,d8b37b72-30a5-4562-9111-7c3bebb8eb17,8c7c251554b4fb5f72c9b01e486a3e0d49d132a7
a42b69cc-bad3-44da-9340-0a14718e831b,d8b37b72-30a5-4562-9111-7c3bebb8eb17,8c7c251554b4fb5f72c9b01e486a3e0d49d132a7
47449f71-b64e-482f-a086-fc4256779b82,d8b37b72-30a5-4562-9111-7c3bebb8eb17,8c7c251554b4fb5f72c9b01e486a3e0d49d132a7
40e13580-efaa-41db-92ff-286d7edcca84,d8b37b72-30a5-4562-9111-7c3bebb8eb17,8c7c251554b4fb5f72c9b01e486a3e0d49d132a7
11b671d7-0b78-4ed2-8fc0-8370ad4c26d0,d8b37b72-30a5-4562-9111-7c3bebb8eb17,8c7c251554b4fb5f72c9b01e486a3e0d49d132a7
ec30b8ab-851a-4cba-8e9f-d9ddbce5efea,d8b37b72-30a5-4562-9111-7c3bebb8eb17,8c7c251554b4fb5f72c9b01e486a3e0d49d132a7
2aa6b082-f8ac-41c6-8ba5-5f1385d0fed7,d8b37b72-30a5-4562-9111-7c3bebb8eb17,8c7c251554b4fb5f72c9b01e486a3e0d49d132a7
7b0e3d89-0fb8-4df6-8dab-43c7b5633fad,d8b37b72-30a5-4562-9111-7c3bebb8eb17,8c7c251554b4fb5f72c9b01e486a3e0d49d132a7
6a8d8f4f-8dbe-462a-bcd4-e7a42ac1ce37,d8b37b72-30a5-4562-9111-7c3bebb8eb17,8c7c251554b4fb5f72c9b01e486a3e0d49d132a7
ec05c4d3-16a1-4140-9b59-9d1e7eaff856,d8b37b72-30a5-4562-9111-7c3bebb8eb17,8c7c251554b4fb5f72c9b01e486a3e0d49d132a7
7dc23932-dee5-4c36-8300-992d11a7965c,d8b37b72-30a5-4562-9111-7c3bebb8eb17,8c7c251554b4fb5f72c9b01e486a3e0d49d132a7
6c38d5c5-fbfb-420c-82eb-d583f61f547c,d8b37b72-30a5-4562-9111-7c3bebb8eb17,8c7c251554b4fb5f72c9b01e486a3e0d49d132a7
fb0f51bf-88ba-43d0-987d-430921621ef8,d8b37b72-30a5-4562-9111-7c3bebb8eb17,8c7c251554b4fb5f72c9b01e486a3e0d49d132a7
b312b6dd-c646-407b-8432-b70abffa5def,d8b37b72-30a5-4562-9111-7c3bebb8eb17,8c7c251554b4fb5f72c9b01e486a3e0d49d132a7
4d292005-1b85-49d8-9e6e-9e2a53850ef9,d8b37b72-30a5-4562-9111-7c3bebb8eb17,8c7c251554b4fb5f72c9b01e486a3e0d49d132a7
cea94187-3b78-418d-9f92-01d33e530b0b,d8b37b72-30a5-4562-9111-7c3bebb8eb17,8c7c251554b4fb5f72c9b01e486a3e0d49d132a7
947f2c56-5969-4217-920d-61840118eb70,d8b37b72-30a5-4562-9111-7c3bebb8eb17,8c7c251554b4fb5f72c9b01e486a3e0d49d132a7
601895ed-877e-4ed8-a105-fe5e523e7f1a,d8b37b72-30a5-4562-9111-7c3bebb8eb17,8c7c251554b4fb5f72c9b01e486a3e0d49d132a7
33f5d064-594d-4ed1-81bf-d403a2a37b44,d8b37b72-30a5-4562-9111-7c3bebb8eb17,8c7c251554b4fb5f72c9b01e486a3e0d49d132a7
23463983-d64b-4a1e-a539-716c8ac399a4,d8b37b72-30a5-4562-9111-7c3bebb8eb17,8c7c251554b4fb5f72c9b01e486a3e0d49d132a7
070140d7-fccd-4130-8ac3-d518560fbec6,d8b37b72-30a5-4562-9111-7c3bebb8eb17,8c7c251554b4fb5f72c9b01e486a3e0d49d132a7
66e57f39-b86c-42a4-ba08-fb74b45f857b,d8b37b72-30a5-4562-9111-7c3bebb8eb17,8c7c251554b4fb5f72c9b01e486a3e0d49d132a7
